ID_station;nom_station;adresse_station;longitude_WSG84;latitude_WSG84;nom_porteur;type_charge;nbre_pdc;type_connecteur;date_maj;observation
REN001;ETABLISSEMENT RENAULT DE BOURG-EN-BRESSE;;46,212732;5,218786;Renault;accélérée;;Type 3c;01/07/2014;Point de recharge accessible uniquement durant les horaires d'ouverture du point de vente. Pour tout renseignement : www.renault.fr
REN002;ETABLISSEMENT RENAULT DE CESSY;;46,305656;6,066023;Renault;accélérée;;Type 3c;01/07/2014;Point de recharge accessible uniquement durant les horaires d'ouverture du point de vente. Pour tout renseignement : www.renault.fr
REN003;ETABLISSEMENT RENAULT DE BELLEGARDE-SUR-VALSERINE;;46,119135;5,810467;Renault;accélérée;;Type 3c;01/07/2014;Point de recharge accessible uniquement durant les horaires d'ouverture du point de vente. Pour tout renseignement : www.renault.fr
REN004;ETABLISSEMENT RENAULT DE LAON;;49,583957;3,647164;Renault;accélérée;;Type 3c;01/07/2014;Point de recharge accessible uniquement durant les horaires d'ouverture du point de vente. Pour tout renseignement : www.renault.fr
REN005;ETABLISSEMENT RENAULT DE SAINT-QUENTIN;;49,850773;3,262393;Renault;accélérée;;Type 3c;01/07/2014;Point de recharge accessible uniquement durant les horaires d'ouverture du point de vente. Pour tout renseignement : www.renault.fr
REN006;ETABLISSEMENT RENAULT DE GUISE;;49,889422;3,625698;Renault;accélérée;;Type 3c;01/07/2014;Point de recharge accessible uniquement durant les horaires d'ouverture du point de vente. Pour tout renseignement : www.renault.fr
REN007;ETABLISSEMENT RENAULT DE SOISSONS;;49,370337;3,353653;Renault;accélérée;;Type 3c;01/07/2014;Point de recharge accessible uniquement durant les horaires d'ouverture du point de vente. Pour tout renseignement : www.renault.fr
REN008;ETABLISSEMENT RENAULT DE CHAUNY;;49,619065;3,222808;Renault;accélérée;;Type 3c;01/07/2014;Point de recharge accessible uniquement durant les horaires d'ouverture du point de vente. Pour tout renseignement : www.renault.fr
REN009;ETABLISSEMENT RENAULT DE CHATEAU-THIERRY;;49,039291;3,385619;Renault;accélérée;;Type 3c;01/07/2014;Point de recharge accessible uniquement durant les horaires d'ouverture du point de vente. Pour tout renseignement : www.renault.fr
REN010;ETABLISSEMENT RENAULT DE HIRSON;;49,933941;4,073001;Renault;accélérée;;Type 3c;01/07/2014;Point de recharge accessible uniquement durant les horaires d'ouverture du point de vente. Pour tout renseignement : www.renault.fr
REN011;ETABLISSEMENT RENAULT DE AVERMES;;46,584882;3,318020;Renault;accélérée;;Type 3c;01/07/2014;Point de recharge accessible uniquement durant les horaires d'ouverture du point de vente. Pour tout renseignement : www.renault.fr
REN012;ETABLISSEMENT RENAULT DE MONTLUCON;;46,353685;2,591755;Renault;accélérée;;Type 3c;01/07/2014;Point de recharge accessible uniquement durant les horaires d'ouverture du point de vente. Pour tout renseignement : www.renault.fr
REN013;ETABLISSEMENT RENAULT DE BELLERIVE-SUR-ALLIER;;46,118322;3,408652;Renault;accélérée;;Type 3c;01/07/2014;Point de recharge accessible uniquement durant les horaires d'ouverture du point de vente. Pour tout renseignement : www.renault.fr
REN014;ETABLISSEMENT RENAULT DE GAP;;44,568680;6,100853;Renault;accélérée;;Type 3c;01/07/2014;Point de recharge accessible uniquement durant les horaires d'ouverture du point de vente. Pour tout renseignement : www.renault.fr
REN015;ETABLISSEMENT RENAULT DE MANOSQUE;;43,821002;5,787012;Renault;accélérée;;Type 3c;01/07/2014;Point de recharge accessible uniquement durant les horaires d'ouverture du point de vente. Pour tout renseignement : www.renault.fr
REN016;ETABLISSEMENT RENAULT DE CANNES;;43,549857;6,962632;Renault;accélérée;;Type 3c;01/07/2014;Point de recharge accessible uniquement durant les horaires d'ouverture du point de vente. Pour tout renseignement : www.renault.fr
REN017;ETABLISSEMENT RENAULT DE ANTIBES;;43,599375;7,087153;Renault;accélérée;;Type 3c;01/07/2014;Point de recharge accessible uniquement durant les horaires d'ouverture du point de vente. Pour tout renseignement : www.renault.fr
REN018;ETABLISSEMENT RENAULT DE CAGNES-SUR-MER;;43,658014;7,170408;Renault;accélérée;;Type 3c;01/07/2014;Point de recharge accessible uniquement durant les horaires d'ouverture du point de vente. Pour tout renseignement : www.renault.fr
REN019;ETABLISSEMENT RENAULT DE DAVEZIEUX;;45,258814;4,698384;Renault;accélérée;;Type 3c;01/07/2014;Point de recharge accessible uniquement durant les horaires d'ouverture du point de vente. Pour tout renseignement : www.renault.fr
REN020;ETABLISSEMENT RENAULT DE CHARLEVILLE-MEZIERES;;49,740542;4,737265;Renault;accélérée;;Type 3c;01/07/2014;Point de recharge accessible uniquement durant les horaires d'ouverture du point de vente. Pour tout renseignement : www.renault.fr
REN021;ETABLISSEMENT RENAULT DE SEDAN;;49,698200;4,947613;Renault;accélérée;;Type 3c;01/07/2014;Point de recharge accessible uniquement durant les horaires d'ouverture du point de vente. Pour tout renseignement : www.renault.fr
REN022;ETABLISSEMENT RENAULT DE SAULT-LES-RETHEL;;49,504030;4,357303;Renault;accélérée;;Type 3c;01/07/2014;Point de recharge accessible uniquement durant les horaires d'ouverture du point de vente. Pour tout renseignement : www.renault.fr
REN023;ETABLISSEMENT RENAULT DE FOIX;;42,949950;1,624830;Renault;accélérée;;Type 3c;01/07/2014;Point de recharge accessible uniquement durant les horaires d'ouverture du point de vente. Pour tout renseignement : www.renault.fr
REN024;ETABLISSEMENT RENAULT DE PAMIERS;;43,107375;1,629565;Renault;accélérée;;Type 3c;01/07/2014;Point de recharge accessible uniquement durant les horaires d'ouverture du point de vente. Pour tout renseignement : www.renault.fr
REN025;ETABLISSEMENT RENAULT DE TROYES;;48,302818;4,075967;Renault;accélérée;;Type 3c;01/07/2014;Point de recharge accessible uniquement durant les horaires d'ouverture du point de vente. Pour tout renseignement : www.renault.fr
REN026;ETABLISSEMENT RENAULT DE CARCASSONNE;;43,207081;2,385680;Renault;accélérée;;Type 3c;01/07/2014;Point de recharge accessible uniquement durant les horaires d'ouverture du point de vente. Pour tout renseignement : www.renault.fr
REN027;ETABLISSEMENT RENAULT DE NARBONNE;;43,156016;2,981475;Renault;accélérée;;Type 3c;01/07/2014;Point de recharge accessible uniquement durant les horaires d'ouverture du point de vente. Pour tout renseignement : www.renault.fr
REN028;ETABLISSEMENT RENAULT DE LEZIGNAN-CORBIERES;;43,200472;2,769645;Renault;accélérée;;Type 3c;01/07/2014;Point de recharge accessible uniquement durant les horaires d'ouverture du point de vente. Pour tout renseignement : www.renault.fr
REN029;ETABLISSEMENT RENAULT DE CASTELNAUDARY;;43,310800;1,970104;Renault;accélérée;;Type 3c;01/07/2014;Point de recharge accessible uniquement durant les horaires d'ouverture du point de vente. Pour tout renseignement : www.renault.fr
REN030;ETABLISSEMENT RENAULT DE ONET-LE-CHATEAU;;44,377340;2,593146;Renault;accélérée;;Type 3c;01/07/2014;Point de recharge accessible uniquement durant les horaires d'ouverture du point de vente. Pour tout renseignement : www.renault.fr
REN031;ETABLISSEMENT RENAULT DE MILLAU;;44,091999;3,065403;Renault;accélérée;;Type 3c;01/07/2014;Point de recharge accessible uniquement durant les horaires d'ouverture du point de vente. Pour tout renseignement : www.renault.fr
REN032;ETABLISSEMENT RENAULT DE VILLEFRANCHE-DE-ROUERGUE;;44,360410;2,001821;Renault;accélérée;;Type 3c;01/07/2014;Point de recharge accessible uniquement durant les horaires d'ouverture du point de vente. Pour tout renseignement : www.renault.fr
REN033;ETABLISSEMENT RENAULT DE MARSEILLE;;43,265693;5,394565;Renault;accélérée;;Type 3c;01/07/2014;Point de recharge accessible uniquement durant les horaires d'ouverture du point de vente. Pour tout renseignement : www.renault.fr
REN034;ETABLISSEMENT RENAULT DE AIX-EN-PROVENCE;;43,524887;5,427438;Renault;accélérée;;Type 3c;01/07/2014;Point de recharge accessible uniquement durant les horaires d'ouverture du point de vente. Pour tout renseignement : www.renault.fr
REN035;ETABLISSEMENT RENAULT DE GARDANNE;;43,448522;5,445610;Renault;accélérée;;Type 3c;01/07/2014;Point de recharge accessible uniquement durant les horaires d'ouverture du point de vente. Pour tout renseignement : www.renault.fr
REN036;ETABLISSEMENT RENAULT DE VITROLLES;;43,431082;5,265128;Renault;accélérée;;Type 3c;01/07/2014;Point de recharge accessible uniquement durant les horaires d'ouverture du point de vente. Pour tout renseignement : www.renault.fr
REN037;ETABLISSEMENT RENAULT DE ARLES;;43,707966;4,639134;Renault;accélérée;;Type 3c;01/07/2014;Point de recharge accessible uniquement durant les horaires d'ouverture du point de vente. Pour tout renseignement : www.renault.fr
REN038;ETABLISSEMENT RENAULT DE SALON-DE-PROVENCE;;43,633197;5,097885;Renault;accélérée;;Type 3c;01/07/2014;Point de recharge accessible uniquement durant les horaires d'ouverture du point de vente. Pour tout renseignement : www.renault.fr
REN039;ETABLISSEMENT RENAULT DE AUBAGNE;;43,287867;5,584146;Renault;accélérée;;Type 3c;01/07/2014;Point de recharge accessible uniquement durant les horaires d'ouverture du point de vente. Pour tout renseignement : www.renault.fr
REN040;ETABLISSEMENT RENAULT DE SAINT-VICTORET;;43,417992;5,228247;Renault;accélérée;;Type 3c;01/07/2014;Point de recharge accessible uniquement durant les horaires d'ouverture du point de vente. Pour tout renseignement : www.renault.fr
REN041;ETABLISSEMENT RENAULT DE ISTRES;;43,499492;4,985515;Renault;accélérée;;Type 3c;01/07/2014;Point de recharge accessible uniquement durant les horaires d'ouverture du point de vente. Pour tout renseignement : www.renault.fr
REN042;ETABLISSEMENT RENAULT DE LISIEUX;;49,165519;0,219060;Renault;accélérée;;Type 3c;01/07/2014;Point de recharge accessible uniquement durant les horaires d'ouverture du point de vente. Pour tout renseignement : www.renault.fr
REN043;ETABLISSEMENT RENAULT DE HEROUVILLE-SAINT-CLAIR;;49,209081;-0,341858;Renault;accélérée;;Type 3c;01/07/2014;Point de recharge accessible uniquement durant les horaires d'ouverture du point de vente. Pour tout renseignement : www.renault.fr
REN044;ETABLISSEMENT RENAULT DE BAYEUX;;49,271072;-0,700084;Renault;accélérée;;Type 3c;01/07/2014;Point de recharge accessible uniquement durant les horaires d'ouverture du point de vente. Pour tout renseignement : www.renault.fr
REN045;ETABLISSEMENT RENAULT DE VIRE;;48,868021;-0,871365;Renault;accélérée;;Type 3c;01/07/2014;Point de recharge accessible uniquement durant les horaires d'ouverture du point de vente. Pour tout renseignement : www.renault.fr
REN046;ETABLISSEMENT RENAULT DE DEAUVILLE;;49,353727;0,090580;Renault;accélérée;;Type 3c;01/07/2014;Point de recharge accessible uniquement durant les horaires d'ouverture du point de vente. Pour tout renseignement : www.renault.fr
REN047;ETABLISSEMENT RENAULT DE AURILLAC;;44,916354;2,460678;Renault;accélérée;;Type 3c;01/07/2014;Point de recharge accessible uniquement durant les horaires d'ouverture du point de vente. Pour tout renseignement : www.renault.fr
REN048;ETABLISSEMENT RENAULT DE ANGOULEME;;45,660340;0,165695;Renault;accélérée;;Type 3c;01/07/2014;Point de recharge accessible uniquement durant les horaires d'ouverture du point de vente. Pour tout renseignement : www.renault.fr
REN049;ETABLISSEMENT RENAULT DE COGNAC;;45,687442;-0,311642;Renault;accélérée;;Type 3c;01/07/2014;Point de recharge accessible uniquement durant les horaires d'ouverture du point de vente. Pour tout renseignement : www.renault.fr
REN050;ETABLISSEMENT RENAULT DE LA ROCHELLE;;46,153721;-1,115820;Renault;accélérée;;Type 3c;01/07/2014;Point de recharge accessible uniquement durant les horaires d'ouverture du point de vente. Pour tout renseignement : www.renault.fr
REN051;ETABLISSEMENT RENAULT DE SAINTES;;45,746077;-0,664326;Renault;accélérée;;Type 3c;01/07/2014;Point de recharge accessible uniquement durant les horaires d'ouverture du point de vente. Pour tout renseignement : www.renault.fr
REN052;ETABLISSEMENT RENAULT DE ROCHEFORT;;45,933294;-0,966677;Renault;accélérée;;Type 3c;01/07/2014;Point de recharge accessible uniquement durant les horaires d'ouverture du point de vente. Pour tout renseignement : www.renault.fr
REN053;ETABLISSEMENT RENAULT DE BOURGES;;47,109701;2,413593;Renault;accélérée;;Type 3c;01/07/2014;Point de recharge accessible uniquement durant les horaires d'ouverture du point de vente. Pour tout renseignement : www.renault.fr
REN054;ETABLISSEMENT RENAULT DE TULLE;;45,249929;1,750181;Renault;accélérée;;Type 3c;01/07/2014;Point de recharge accessible uniquement durant les horaires d'ouverture du point de vente. Pour tout renseignement : www.renault.fr
REN055;ETABLISSEMENT RENAULT DE BRIVE-LA-GAILLARDE;;45,147622;1,482943;Renault;accélérée;;Type 3c;01/07/2014;Point de recharge accessible uniquement durant les horaires d'ouverture du point de vente. Pour tout renseignement : www.renault.fr
REN056;ETABLISSEMENT RENAULT DE USSEL;;45,568347;2,330113;Renault;accélérée;;Type 3c;01/07/2014;Point de recharge accessible uniquement durant les horaires d'ouverture du point de vente. Pour tout renseignement : www.renault.fr
REN057;ETABLISSEMENT RENAULT DE AJACCIO;;41,926708;8,783101;Renault;accélérée;;Type 3c;01/07/2014;Point de recharge accessible uniquement durant les horaires d'ouverture du point de vente. Pour tout renseignement : www.renault.fr
REN058;ETABLISSEMENT RENAULT DE PORTO-VECCHIO;;41,604123;9,277323;Renault;accélérée;;Type 3c;01/07/2014;Point de recharge accessible uniquement durant les horaires d'ouverture du point de vente. Pour tout renseignement : www.renault.fr
REN059;ETABLISSEMENT RENAULT DE DIJON;;47,303122;5,022531;Renault;accélérée;;Type 3c;01/07/2014;Point de recharge accessible uniquement durant les horaires d'ouverture du point de vente. Pour tout renseignement : www.renault.fr
REN060;ETABLISSEMENT RENAULT DE BEAUNE;;47,013585;4,815398;Renault;accélérée;;Type 3c;01/07/2014;Point de recharge accessible uniquement durant les horaires d'ouverture du point de vente. Pour tout renseignement : www.renault.fr
REN061;ETABLISSEMENT RENAULT DE SAINT-BRIEUC;;48,502173;-2,738337;Renault;accélérée;;Type 3c;01/07/2014;Point de recharge accessible uniquement durant les horaires d'ouverture du point de vente. Pour tout renseignement : www.renault.fr
REN062;ETABLISSEMENT RENAULT DE DINAN;;48,464604;-2,058826;Renault;accélérée;;Type 3c;01/07/2014;Point de recharge accessible uniquement durant les horaires d'ouverture du point de vente. Pour tout renseignement : www.renault.fr
REN063;ETABLISSEMENT RENAULT DE LANNION;;48,725252;-3,438669;Renault;accélérée;;Type 3c;01/07/2014;Point de recharge accessible uniquement durant les horaires d'ouverture du point de vente. Pour tout renseignement : www.renault.fr
REN064;ETABLISSEMENT RENAULT DE LAMBALLE;;48,469024;-2,511531;Renault;accélérée;;Type 3c;01/07/2014;Point de recharge accessible uniquement durant les horaires d'ouverture du point de vente. Pour tout renseignement : www.renault.fr
REN065;ETABLISSEMENT RENAULT DE PAIMPOL;;48,770978;-3,040068;Renault;accélérée;;Type 3c;01/07/2014;Point de recharge accessible uniquement durant les horaires d'ouverture du point de vente. Pour tout renseignement : www.renault.fr
REN066;ETABLISSEMENT RENAULT DE LOUDEAC;;48,172007;-2,747772;Renault;accélérée;;Type 3c;01/07/2014;Point de recharge accessible uniquement durant les horaires d'ouverture du point de vente. Pour tout renseignement : www.renault.fr
REN067;ETABLISSEMENT RENAULT DE PLOUMAGOAR;;48,546806;-3,097734;Renault;accélérée;;Type 3c;01/07/2014;Point de recharge accessible uniquement durant les horaires d'ouverture du point de vente. Pour tout renseignement : www.renault.fr
REN068;ETABLISSEMENT RENAULT DE GUERET;;46,176634;1,872141;Renault;accélérée;;Type 3c;01/07/2014;Point de recharge accessible uniquement durant les horaires d'ouverture du point de vente. Pour tout renseignement : www.renault.fr
REN069;ETABLISSEMENT RENAULT DE BERGERAC;;44,868522;0,503596;Renault;accélérée;;Type 3c;01/07/2014;Point de recharge accessible uniquement durant les horaires d'ouverture du point de vente. Pour tout renseignement : www.renault.fr
REN070;ETABLISSEMENT RENAULT DE SARLAT-LA-CANEDA;;44,883471;1,218020;Renault;accélérée;;Type 3c;01/07/2014;Point de recharge accessible uniquement durant les horaires d'ouverture du point de vente. Pour tout renseignement : www.renault.fr
REN071;ETABLISSEMENT RENAULT DE TRELISSAC;;45,201843;0,799470;Renault;accélérée;;Type 3c;01/07/2014;Point de recharge accessible uniquement durant les horaires d'ouverture du point de vente. Pour tout renseignement : www.renault.fr
REN072;ETABLISSEMENT RENAULT DE BESANCON;;47,242157;5,994512;Renault;accélérée;;Type 3c;01/07/2014;Point de recharge accessible uniquement durant les horaires d'ouverture du point de vente. Pour tout renseignement : www.renault.fr
REN073;ETABLISSEMENT RENAULT DE MONTBELIARD;;47,503446;6,813972;Renault;accélérée;;Type 3c;01/07/2014;Point de recharge accessible uniquement durant les horaires d'ouverture du point de vente. Pour tout renseignement : www.renault.fr
REN074;ETABLISSEMENT RENAULT DE PONTARLIER;;46,909382;6,334066;Renault;accélérée;;Type 3c;01/07/2014;Point de recharge accessible uniquement durant les horaires d'ouverture du point de vente. Pour tout renseignement : www.renault.fr
REN075;ETABLISSEMENT RENAULT DE MONTELIMAR;;44,580615;4,753539;Renault;accélérée;;Type 3c;01/07/2014;Point de recharge accessible uniquement durant les horaires d'ouverture du point de vente. Pour tout renseignement : www.renault.fr
REN076;ETABLISSEMENT RENAULT DE VALENCE;;44,921907;4,932674;Renault;accélérée;;Type 3c;01/07/2014;Point de recharge accessible uniquement durant les horaires d'ouverture du point de vente. Pour tout renseignement : www.renault.fr
REN077;ETABLISSEMENT RENAULT DE EVREUX;;49,002106;1,146787;Renault;accélérée;;Type 3c;01/07/2014;Point de recharge accessible uniquement durant les horaires d'ouverture du point de vente. Pour tout renseignement : www.renault.fr
REN078;ETABLISSEMENT RENAULT DE LOUVIERS;;49,207998;1,182197;Renault;accélérée;;Type 3c;01/07/2014;Point de recharge accessible uniquement durant les horaires d'ouverture du point de vente. Pour tout renseignement : www.renault.fr
REN079;ETABLISSEMENT RENAULT DE PONT-AUDEMER;;49,351675;0,495405;Renault;accélérée;;Type 3c;01/07/2014;Point de recharge accessible uniquement durant les horaires d'ouverture du point de vente. Pour tout renseignement : www.renault.fr
REN080;ETABLISSEMENT RENAULT DE SAINT-JUST;;49,111506;1,450909;Renault;accélérée;;Type 3c;01/07/2014;Point de recharge accessible uniquement durant les horaires d'ouverture du point de vente. Pour tout renseignement : www.renault.fr
REN081;ETABLISSEMENT RENAULT DE CHARTRES;;48,451907;1,524617;Renault;accélérée;;Type 3c;01/07/2014;Point de recharge accessible uniquement durant les horaires d'ouverture du point de vente. Pour tout renseignement : www.renault.fr
REN082;ETABLISSEMENT RENAULT DE DREUX;;48,746229;1,345312;Renault;accélérée;;Type 3c;01/07/2014;Point de recharge accessible uniquement durant les horaires d'ouverture du point de vente. Pour tout renseignement : www.renault.fr
REN083;ETABLISSEMENT RENAULT DE MAINTENON;;48,580751;1,566065;Renault;accélérée;;Type 3c;01/07/2014;Point de recharge accessible uniquement durant les horaires d'ouverture du point de vente. Pour tout renseignement : www.renault.fr
REN084;ETABLISSEMENT RENAULT DE CHATEAUDUN;;48,058277;1,328237;Renault;accélérée;;Type 3c;01/07/2014;Point de recharge accessible uniquement durant les horaires d'ouverture du point de vente. Pour tout renseignement : www.renault.fr
REN085;ETABLISSEMENT RENAULT DE QUIMPER;;48,000621;-4,149730;Renault;accélérée;;Type 3c;01/07/2014;Point de recharge accessible uniquement durant les horaires d'ouverture du point de vente. Pour tout renseignement : www.renault.fr
REN086;ETABLISSEMENT RENAULT DE CHATEAULIN;;48,193518;-4,096869;Renault;accélérée;;Type 3c;01/07/2014;Point de recharge accessible uniquement durant les horaires d'ouverture du point de vente. Pour tout renseignement : www.renault.fr
REN087;ETABLISSEMENT RENAULT DE BREST;;48,404489;-4,464629;Renault;accélérée;;Type 3c;01/07/2014;Point de recharge accessible uniquement durant les horaires d'ouverture du point de vente. Pour tout renseignement : www.renault.fr
REN088;ETABLISSEMENT RENAULT DE CARHAIX-PLOUGUER;;48,276758;-3,548992;Renault;accélérée;;Type 3c;01/07/2014;Point de recharge accessible uniquement durant les horaires d'ouverture du point de vente. Pour tout renseignement : www.renault.fr
REN089;ETABLISSEMENT RENAULT DE MORLAIX;;48,579370;-3,801808;Renault;accélérée;;Type 3c;01/07/2014;Point de recharge accessible uniquement durant les horaires d'ouverture du point de vente. Pour tout renseignement : www.renault.fr
REN090;ETABLISSEMENT RENAULT DE CONCARNEAU;;47,905077;-3,916087;Renault;accélérée;;Type 3c;01/07/2014;Point de recharge accessible uniquement durant les horaires d'ouverture du point de vente. Pour tout renseignement : www.renault.fr
REN091;ETABLISSEMENT RENAULT DE NIMES;;43,818254;4,340480;Renault;accélérée;;Type 3c;01/07/2014;Point de recharge accessible uniquement durant les horaires d'ouverture du point de vente. Pour tout renseignement : www.renault.fr
REN092;ETABLISSEMENT RENAULT DE ALES;;44,108375;4,096592;Renault;accélérée;;Type 3c;01/07/2014;Point de recharge accessible uniquement durant les horaires d'ouverture du point de vente. Pour tout renseignement : www.renault.fr
REN093;ETABLISSEMENT RENAULT DE TOULOUSE;;43,631125;1,431950;Renault;accélérée;;Type 3c;01/07/2014;Point de recharge accessible uniquement durant les horaires d'ouverture du point de vente. Pour tout renseignement : www.renault.fr
REN094;ETABLISSEMENT RENAULT DE TOULOUSE;;43,571686;1,498247;Renault;accélérée;;Type 3c;01/07/2014;Point de recharge accessible uniquement durant les horaires d'ouverture du point de vente. Pour tout renseignement : www.renault.fr
REN095;ETABLISSEMENT RENAULT DE REVEL;;43,465918;2,008786;Renault;accélérée;;Type 3c;01/07/2014;Point de recharge accessible uniquement durant les horaires d'ouverture du point de vente. Pour tout renseignement : www.renault.fr
REN096;ETABLISSEMENT RENAULT DE MURET;;43,437363;1,311215;Renault;accélérée;;Type 3c;01/07/2014;Point de recharge accessible uniquement durant les horaires d'ouverture du point de vente. Pour tout renseignement : www.renault.fr
REN097;ETABLISSEMENT RENAULT DE AUCH;;43,654337;0,622538;Renault;accélérée;;Type 3c;01/07/2014;Point de recharge accessible uniquement durant les horaires d'ouverture du point de vente. Pour tout renseignement : www.renault.fr
REN098;ETABLISSEMENT RENAULT DE MIRANDE;;43,504751;0,397204;Renault;accélérée;;Type 3c;01/07/2014;Point de recharge accessible uniquement durant les horaires d'ouverture du point de vente. Pour tout renseignement : www.renault.fr
REN099;ETABLISSEMENT RENAULT DE LE BOUSCAT;;44,865105;-0,604657;Renault;accélérée;;Type 3c;01/07/2014;Point de recharge accessible uniquement durant les horaires d'ouverture du point de vente. Pour tout renseignement : www.renault.fr
REN100;ETABLISSEMENT RENAULT DE VILLENAVE-D'ORNON;;44,771807;-0,562477;Renault;accélérée;;Type 3c;01/07/2014;Point de recharge accessible uniquement durant les horaires d'ouverture du point de vente. Pour tout renseignement : www.renault.fr
REN101;ETABLISSEMENT RENAULT DE LANGON;;44,523584;-0,240552;Renault;accélérée;;Type 3c;01/07/2014;Point de recharge accessible uniquement durant les horaires d'ouverture du point de vente. Pour tout renseignement : www.renault.fr
REN102;ETABLISSEMENT RENAULT DE LA TESTE-DE-BUCH;;44,617507;-1,123529;Renault;accélérée;;Type 3c;01/07/2014;Point de recharge accessible uniquement durant les horaires d'ouverture du point de vente. Pour tout renseignement : www.renault.fr
REN103;ETABLISSEMENT RENAULT DE LORMONT;;44,879514;-0,512192;Renault;accélérée;;Type 3c;01/07/2014;Point de recharge accessible uniquement durant les horaires d'ouverture du point de vente. Pour tout renseignement : www.renault.fr
REN104;ETABLISSEMENT RENAULT DE LIBOURNE;;44,940589;-0,233009;Renault;accélérée;;Type 3c;01/07/2014;Point de recharge accessible uniquement durant les horaires d'ouverture du point de vente. Pour tout renseignement : www.renault.fr
REN105;ETABLISSEMENT RENAULT DE PESSAC;;44,799862;-0,662273;Renault;accélérée;;Type 3c;01/07/2014;Point de recharge accessible uniquement durant les horaires d'ouverture du point de vente. Pour tout renseignement : www.renault.fr
REN106;ETABLISSEMENT RENAULT DE PUGNAC;;45,070855;-0,491635;Renault;accélérée;;Type 3c;01/07/2014;Point de recharge accessible uniquement durant les horaires d'ouverture du point de vente. Pour tout renseignement : www.renault.fr
REN107;ETABLISSEMENT RENAULT DE MONTPELLIER;;43,584628;3,881447;Renault;accélérée;;Type 3c;01/07/2014;Point de recharge accessible uniquement durant les horaires d'ouverture du point de vente. Pour tout renseignement : www.renault.fr
REN108;ETABLISSEMENT RENAULT DE PEZENAS;;43,450615;3,415778;Renault;accélérée;;Type 3c;01/07/2014;Point de recharge accessible uniquement durant les horaires d'ouverture du point de vente. Pour tout renseignement : www.renault.fr
REN109;ETABLISSEMENT RENAULT DE SETE;;43,419557;3,714513;Renault;accélérée;;Type 3c;01/07/2014;Point de recharge accessible uniquement durant les horaires d'ouverture du point de vente. Pour tout renseignement : www.renault.fr
REN110;ETABLISSEMENT RENAULT DE BEZIERS;;43,334044;3,230726;Renault;accélérée;;Type 3c;01/07/2014;Point de recharge accessible uniquement durant les horaires d'ouverture du point de vente. Pour tout renseignement : www.renault.fr
REN111;ETABLISSEMENT RENAULT DE CLERMONT-L'HERAULT;;43,633331;3,439943;Renault;accélérée;;Type 3c;01/07/2014;Point de recharge accessible uniquement durant les horaires d'ouverture du point de vente. Pour tout renseignement : www.renault.fr
REN112;ETABLISSEMENT RENAULT DE SAINT-GELY-DU-FESC;;43,683905;3,809806;Renault;accélérée;;Type 3c;01/07/2014;Point de recharge accessible uniquement durant les horaires d'ouverture du point de vente. Pour tout renseignement : www.renault.fr
REN113;ETABLISSEMENT RENAULT DE FOUGERES;;48,348400;-1,180910;Renault;accélérée;;Type 3c;01/07/2014;Point de recharge accessible uniquement durant les horaires d'ouverture du point de vente. Pour tout renseignement : www.renault.fr
REN114;ETABLISSEMENT RENAULT DE SAINT-MALO;;48,654086;-1,993009;Renault;accélérée;;Type 3c;01/07/2014;Point de recharge accessible uniquement durant les horaires d'ouverture du point de vente. Pour tout renseignement : www.renault.fr
REN115;ETABLISSEMENT RENAULT DE VITRE;;48,120690;-1,177819;Renault;accélérée;;Type 3c;01/07/2014;Point de recharge accessible uniquement durant les horaires d'ouverture du point de vente. Pour tout renseignement : www.renault.fr
REN116;ETABLISSEMENT RENAULT DE REDON;;47,668616;-2,069067;Renault;accélérée;;Type 3c;01/07/2014;Point de recharge accessible uniquement durant les horaires d'ouverture du point de vente. Pour tout renseignement : www.renault.fr
REN117;ETABLISSEMENT RENAULT DE RENNES;;48,130590;-1,638407;Renault;accélérée;;Type 3c;01/07/2014;Point de recharge accessible uniquement durant les horaires d'ouverture du point de vente. Pour tout renseignement : www.renault.fr
REN118;ETABLISSEMENT RENAULT DE SAINT-MAUR;;46,778225;1,650160;Renault;accélérée;;Type 3c;01/07/2014;Point de recharge accessible uniquement durant les horaires d'ouverture du point de vente. Pour tout renseignement : www.renault.fr
REN119;ETABLISSEMENT RENAULT DE CHAMBRAY-LES-TOURS;;47,348347;0,700787;Renault;accélérée;;Type 3c;01/07/2014;Point de recharge accessible uniquement durant les horaires d'ouverture du point de vente. Pour tout renseignement : www.renault.fr
REN120;ETABLISSEMENT RENAULT DE CHINON;;47,182085;0,273962;Renault;accélérée;;Type 3c;01/07/2014;Point de recharge accessible uniquement durant les horaires d'ouverture du point de vente. Pour tout renseignement : www.renault.fr
REN121;ETABLISSEMENT RENAULT DE LOCHES;;47,141418;1,001092;Renault;accélérée;;Type 3c;01/07/2014;Point de recharge accessible uniquement durant les horaires d'ouverture du point de vente. Pour tout renseignement : www.renault.fr
REN122;ETABLISSEMENT RENAULT DE GRENOBLE;;45,173605;5,714596;Renault;accélérée;;Type 3c;01/07/2014;Point de recharge accessible uniquement durant les horaires d'ouverture du point de vente. Pour tout renseignement : www.renault.fr
REN123;ETABLISSEMENT RENAULT DE LA TOUR-DU-PIN;;45,567900;5,426659;Renault;accélérée;;Type 3c;01/07/2014;Point de recharge accessible uniquement durant les horaires d'ouverture du point de vente. Pour tout renseignement : www.renault.fr
REN124;ETABLISSEMENT RENAULT DE ECHIROLLES;;45,141009;5,710189;Renault;accélérée;;Type 3c;01/07/2014;Point de recharge accessible uniquement durant les horaires d'ouverture du point de vente. Pour tout renseignement : www.renault.fr
REN125;ETABLISSEMENT RENAULT DE RIVES;;45,345462;5,497720;Renault;accélérée;;Type 3c;01/07/2014;Point de recharge accessible uniquement durant les horaires d'ouverture du point de vente. Pour tout renseignement : www.renault.fr
REN126;ETABLISSEMENT RENAULT DE VIENNE;;45,503113;4,853554;Renault;accélérée;;Type 3c;01/07/2014;Point de recharge accessible uniquement durant les horaires d'ouverture du point de vente. Pour tout renseignement : www.renault.fr
REN127;ETABLISSEMENT RENAULT DE VIZILLE;;45,083326;5,765401;Renault;accélérée;;Type 3c;01/07/2014;Point de recharge accessible uniquement durant les horaires d'ouverture du point de vente. Pour tout renseignement : www.renault.fr
REN128;ETABLISSEMENT RENAULT DE BOURGOIN-JALLIEU;;45,594099;5,270495;Renault;accélérée;;Type 3c;01/07/2014;Point de recharge accessible uniquement durant les horaires d'ouverture du point de vente. Pour tout renseignement : www.renault.fr
REN129;ETABLISSEMENT RENAULT DE SAINT-MARTIN-D'HERES;;45,170917;5,752442;Renault;accélérée;;Type 3c;01/07/2014;Point de recharge accessible uniquement durant les horaires d'ouverture du point de vente. Pour tout renseignement : www.renault.fr
REN130;ETABLISSEMENT RENAULT DE FONTAINE;;45,193896;5,675385;Renault;accélérée;;Type 3c;01/07/2014;Point de recharge accessible uniquement durant les horaires d'ouverture du point de vente. Pour tout renseignement : www.renault.fr
REN131;ETABLISSEMENT RENAULT DE LONS-LE-SAUNIER;;46,671627;5,568491;Renault;accélérée;;Type 3c;01/07/2014;Point de recharge accessible uniquement durant les horaires d'ouverture du point de vente. Pour tout renseignement : www.renault.fr
REN132;ETABLISSEMENT RENAULT DE DOLE;;47,112140;5,495922;Renault;accélérée;;Type 3c;01/07/2014;Point de recharge accessible uniquement durant les horaires d'ouverture du point de vente. Pour tout renseignement : www.renault.fr
REN133;ETABLISSEMENT RENAULT DE SAINT-CLAUDE;;46,382633;5,861635;Renault;accélérée;;Type 3c;01/07/2014;Point de recharge accessible uniquement durant les horaires d'ouverture du point de vente. Pour tout renseignement : www.renault.fr
REN134;ETABLISSEMENT RENAULT DE MONT-DE-MARSAN;;43,903286;-0,478727;Renault;accélérée;;Type 3c;01/07/2014;Point de recharge accessible uniquement durant les horaires d'ouverture du point de vente. Pour tout renseignement : www.renault.fr
REN135;ETABLISSEMENT RENAULT DE DAX;;43,715159;-1,055643;Renault;accélérée;;Type 3c;01/07/2014;Point de recharge accessible uniquement durant les horaires d'ouverture du point de vente. Pour tout renseignement : www.renault.fr
REN136;ETABLISSEMENT RENAULT DE AIRE-SUR-L'ADOUR;;43,722405;-0,264650;Renault;accélérée;;Type 3c;01/07/2014;Point de recharge accessible uniquement durant les horaires d'ouverture du point de vente. Pour tout renseignement : www.renault.fr
REN137;ETABLISSEMENT RENAULT DE BLOIS;;47,609102;1,310104;Renault;accélérée;;Type 3c;01/07/2014;Point de recharge accessible uniquement durant les horaires d'ouverture du point de vente. Pour tout renseignement : www.renault.fr
REN138;ETABLISSEMENT RENAULT DE ROMORANTIN-LANTHENAY;;47,338102;1,750225;Renault;accélérée;;Type 3c;01/07/2014;Point de recharge accessible uniquement durant les horaires d'ouverture du point de vente. Pour tout renseignement : www.renault.fr
REN139;ETABLISSEMENT RENAULT DE BRACIEUX;;47,544737;1,538067;Renault;accélérée;;Type 3c;01/07/2014;Point de recharge accessible uniquement durant les horaires d'ouverture du point de vente. Pour tout renseignement : www.renault.fr
REN140;ETABLISSEMENT RENAULT DE SAINT-ETIENNE;;45,459484;4,383300;Renault;accélérée;;Type 3c;01/07/2014;Point de recharge accessible uniquement durant les horaires d'ouverture du point de vente. Pour tout renseignement : www.renault.fr
REN141;ETABLISSEMENT RENAULT DE LE COTEAU;;46,014693;4,096542;Renault;accélérée;;Type 3c;01/07/2014;Point de recharge accessible uniquement durant les horaires d'ouverture du point de vente. Pour tout renseignement : www.renault.fr
REN142;ETABLISSEMENT RENAULT DE SAINT-CHAMOND;;45,479861;4,535189;Renault;accélérée;;Type 3c;01/07/2014;Point de recharge accessible uniquement durant les horaires d'ouverture du point de vente. Pour tout renseignement : www.renault.fr
REN143;ETABLISSEMENT RENAULT DE MONTBRISON;;45,599296;4,073568;Renault;accélérée;;Type 3c;01/07/2014;Point de recharge accessible uniquement durant les horaires d'ouverture du point de vente. Pour tout renseignement : www.renault.fr
REN144;ETABLISSEMENT RENAULT DE BRIVES-CHARENSAC;;45,048642;3,914841;Renault;accélérée;;Type 3c;01/07/2014;Point de recharge accessible uniquement durant les horaires d'ouverture du point de vente. Pour tout renseignement : www.renault.fr
REN145;ETABLISSEMENT RENAULT DE CHATEAUBRIANT;;47,700900;-1,403196;Renault;accélérée;;Type 3c;01/07/2014;Point de recharge accessible uniquement durant les horaires d'ouverture du point de vente. Pour tout renseignement : www.renault.fr
REN146;ETABLISSEMENT RENAULT DE ANCENIS;;47,371594;-1,188561;Renault;accélérée;;Type 3c;01/07/2014;Point de recharge accessible uniquement durant les horaires d'ouverture du point de vente. Pour tout renseignement : www.renault.fr
REN147;ETABLISSEMENT RENAULT DE GORGES;;47,096635;-1,293818;Renault;accélérée;;Type 3c;01/07/2014;Point de recharge accessible uniquement durant les horaires d'ouverture du point de vente. Pour tout renseignement : www.renault.fr
REN148;ETABLISSEMENT RENAULT DE PORNIC;;47,127993;-2,119162;Renault;accélérée;;Type 3c;01/07/2014;Point de recharge accessible uniquement durant les horaires d'ouverture du point de vente. Pour tout renseignement : www.renault.fr
REN149;ETABLISSEMENT RENAULT DE GUERANDE;;47,322077;-2,413165;Renault;accélérée;;Type 3c;01/07/2014;Point de recharge accessible uniquement durant les horaires d'ouverture du point de vente. Pour tout renseignement : www.renault.fr
REN150;ETABLISSEMENT RENAULT DE REZE;;47,155769;-1,537974;Renault;accélérée;;Type 3c;01/07/2014;Point de recharge accessible uniquement durant les horaires d'ouverture du point de vente. Pour tout renseignement : www.renault.fr
REN151;ETABLISSEMENT RENAULT DE SAINT-HERBLAIN;;47,249757;-1,615994;Renault;accélérée;;Type 3c;01/07/2014;Point de recharge accessible uniquement durant les horaires d'ouverture du point de vente. Pour tout renseignement : www.renault.fr
REN152;ETABLISSEMENT RENAULT DE SAINT-NAZAIRE;;47,258716;-2,274558;Renault;accélérée;;Type 3c;01/07/2014;Point de recharge accessible uniquement durant les horaires d'ouverture du point de vente. Pour tout renseignement : www.renault.fr
REN153;ETABLISSEMENT RENAULT DE AMILLY;;47,974651;2,732598;Renault;accélérée;;Type 3c;01/07/2014;Point de recharge accessible uniquement durant les horaires d'ouverture du point de vente. Pour tout renseignement : www.renault.fr
REN154;ETABLISSEMENT RENAULT DE PITHIVIERS;;48,180468;2,251842;Renault;accélérée;;Type 3c;01/07/2014;Point de recharge accessible uniquement durant les horaires d'ouverture du point de vente. Pour tout renseignement : www.renault.fr
REN155;ETABLISSEMENT RENAULT DE FLEURY-LES-AUBRAIS;;47,935882;1,894317;Renault;accélérée;;Type 3c;01/07/2014;Point de recharge accessible uniquement durant les horaires d'ouverture du point de vente. Pour tout renseignement : www.renault.fr
REN156;ETABLISSEMENT RENAULT DE GIEN;;47,709332;2,640147;Renault;accélérée;;Type 3c;01/07/2014;Point de recharge accessible uniquement durant les horaires d'ouverture du point de vente. Pour tout renseignement : www.renault.fr
REN157;ETABLISSEMENT RENAULT DE CAHORS;;44,424053;1,440153;Renault;accélérée;;Type 3c;01/07/2014;Point de recharge accessible uniquement durant les horaires d'ouverture du point de vente. Pour tout renseignement : www.renault.fr
REN158;ETABLISSEMENT RENAULT DE FIGEAC;;44,605191;2,012763;Renault;accélérée;;Type 3c;01/07/2014;Point de recharge accessible uniquement durant les horaires d'ouverture du point de vente. Pour tout renseignement : www.renault.fr
REN159;ETABLISSEMENT RENAULT DE AGEN;;44,188127;0,613761;Renault;accélérée;;Type 3c;01/07/2014;Point de recharge accessible uniquement durant les horaires d'ouverture du point de vente. Pour tout renseignement : www.renault.fr
REN160;ETABLISSEMENT RENAULT DE MARMANDE;;44,518061;0,120610;Renault;accélérée;;Type 3c;01/07/2014;Point de recharge accessible uniquement durant les horaires d'ouverture du point de vente. Pour tout renseignement : www.renault.fr
REN161;ETABLISSEMENT RENAULT DE VILLENEUVE-SUR-LOT;;44,404079;0,686243;Renault;accélérée;;Type 3c;01/07/2014;Point de recharge accessible uniquement durant les horaires d'ouverture du point de vente. Pour tout renseignement : www.renault.fr
REN162;ETABLISSEMENT RENAULT DE ANGERS;;47,456612;-0,533183;Renault;accélérée;;Type 3c;01/07/2014;Point de recharge accessible uniquement durant les horaires d'ouverture du point de vente. Pour tout renseignement : www.renault.fr
REN163;ETABLISSEMENT RENAULT DE CHOLET;;47,067012;-0,843423;Renault;accélérée;;Type 3c;01/07/2014;Point de recharge accessible uniquement durant les horaires d'ouverture du point de vente. Pour tout renseignement : www.renault.fr
REN164;ETABLISSEMENT RENAULT DE SAUMUR;;47,274395;-0,060785;Renault;accélérée;;Type 3c;01/07/2014;Point de recharge accessible uniquement durant les horaires d'ouverture du point de vente. Pour tout renseignement : www.renault.fr
REN165;ETABLISSEMENT RENAULT DE SAINT-LO;;49,105118;-1,067976;Renault;accélérée;;Type 3c;01/07/2014;Point de recharge accessible uniquement durant les horaires d'ouverture du point de vente. Pour tout renseignement : www.renault.fr
REN166;ETABLISSEMENT RENAULT DE TOURLAVILLE;;49,634592;-1,589045;Renault;accélérée;;Type 3c;01/07/2014;Point de recharge accessible uniquement durant les horaires d'ouverture du point de vente. Pour tout renseignement : www.renault.fr
REN167;ETABLISSEMENT RENAULT DE COUTANCES;;49,059113;-1,425483;Renault;accélérée;;Type 3c;01/07/2014;Point de recharge accessible uniquement durant les horaires d'ouverture du point de vente. Pour tout renseignement : www.renault.fr
REN168;ETABLISSEMENT RENAULT DE AVRANCHES;;48,681067;-1,342633;Renault;accélérée;;Type 3c;01/07/2014;Point de recharge accessible uniquement durant les horaires d'ouverture du point de vente. Pour tout renseignement : www.renault.fr
REN169;ETABLISSEMENT RENAULT DE GRANVILLE;;48,832938;-1,550555;Renault;accélérée;;Type 3c;01/07/2014;Point de recharge accessible uniquement durant les horaires d'ouverture du point de vente. Pour tout renseignement : www.renault.fr
REN170;ETABLISSEMENT RENAULT DE REIMS;;49,250556;4,019640;Renault;accélérée;;Type 3c;01/07/2014;Point de recharge accessible uniquement durant les horaires d'ouverture du point de vente. Pour tout renseignement : www.renault.fr
REN171;ETABLISSEMENT RENAULT DE CHALONS-EN-CHAMPAGNE;;48,971885;4,357648;Renault;accélérée;;Type 3c;01/07/2014;Point de recharge accessible uniquement durant les horaires d'ouverture du point de vente. Pour tout renseignement : www.renault.fr
REN172;ETABLISSEMENT RENAULT DE EPERNAY;;49,058046;3,965157;Renault;accélérée;;Type 3c;01/07/2014;Point de recharge accessible uniquement durant les horaires d'ouverture du point de vente. Pour tout renseignement : www.renault.fr
REN173;ETABLISSEMENT RENAULT DE VITRY-LE-FRANCOIS;;48,730389;4,603504;Renault;accélérée;;Type 3c;01/07/2014;Point de recharge accessible uniquement durant les horaires d'ouverture du point de vente. Pour tout renseignement : www.renault.fr
REN174;ETABLISSEMENT RENAULT DE CHAUMONT;;48,080043;5,152466;Renault;accélérée;;Type 3c;01/07/2014;Point de recharge accessible uniquement durant les horaires d'ouverture du point de vente. Pour tout renseignement : www.renault.fr
REN175;ETABLISSEMENT RENAULT DE MAYENNE;;48,299651;-0,597422;Renault;accélérée;;Type 3c;01/07/2014;Point de recharge accessible uniquement durant les horaires d'ouverture du point de vente. Pour tout renseignement : www.renault.fr
REN176;ETABLISSEMENT RENAULT DE CHATEAU-GONTIER;;47,836619;-0,688962;Renault;accélérée;;Type 3c;01/07/2014;Point de recharge accessible uniquement durant les horaires d'ouverture du point de vente. Pour tout renseignement : www.renault.fr
REN177;ETABLISSEMENT RENAULT DE SAINT-BERTHEVIN;;48,068357;-0,810861;Renault;accélérée;;Type 3c;01/07/2014;Point de recharge accessible uniquement durant les horaires d'ouverture du point de vente. Pour tout renseignement : www.renault.fr
REN178;ETABLISSEMENT RENAULT DE LUNEVILLE;;48,584260;6,489598;Renault;accélérée;;Type 3c;01/07/2014;Point de recharge accessible uniquement durant les horaires d'ouverture du point de vente. Pour tout renseignement : www.renault.fr
REN179;ETABLISSEMENT RENAULT DE LAXOU;;48,694840;6,137335;Renault;accélérée;;Type 3c;01/07/2014;Point de recharge accessible uniquement durant les horaires d'ouverture du point de vente. Pour tout renseignement : www.renault.fr
REN180;ETABLISSEMENT RENAULT DE PONT-A-MOUSSON;;48,909273;6,039229;Renault;accélérée;;Type 3c;01/07/2014;Point de recharge accessible uniquement durant les horaires d'ouverture du point de vente. Pour tout renseignement : www.renault.fr
REN181;ETABLISSEMENT RENAULT DE JARNY;;49,154168;5,891968;Renault;accélérée;;Type 3c;01/07/2014;Point de recharge accessible uniquement durant les horaires d'ouverture du point de vente. Pour tout renseignement : www.renault.fr
REN182;ETABLISSEMENT RENAULT DE BAR-LE-DUC;;48,767309;5,175275;Renault;accélérée;;Type 3c;01/07/2014;Point de recharge accessible uniquement durant les horaires d'ouverture du point de vente. Pour tout renseignement : www.renault.fr
REN183;ETABLISSEMENT RENAULT DE VERDUN;;49,163705;5,410318;Renault;accélérée;;Type 3c;01/07/2014;Point de recharge accessible uniquement durant les horaires d'ouverture du point de vente. Pour tout renseignement : www.renault.fr
REN184;ETABLISSEMENT RENAULT DE VANNES;;47,654477;-2,737582;Renault;accélérée;;Type 3c;01/07/2014;Point de recharge accessible uniquement durant les horaires d'ouverture du point de vente. Pour tout renseignement : www.renault.fr
REN185;ETABLISSEMENT RENAULT DE PONTIVY;;48,045956;-2,958559;Renault;accélérée;;Type 3c;01/07/2014;Point de recharge accessible uniquement durant les horaires d'ouverture du point de vente. Pour tout renseignement : www.renault.fr
REN186;ETABLISSEMENT RENAULT DE PLUNERET;;47,668845;-2,964282;Renault;accélérée;;Type 3c;01/07/2014;Point de recharge accessible uniquement durant les horaires d'ouverture du point de vente. Pour tout renseignement : www.renault.fr
REN187;ETABLISSEMENT RENAULT DE PLOERMEL;;47,931837;-2,386535;Renault;accélérée;;Type 3c;01/07/2014;Point de recharge accessible uniquement durant les horaires d'ouverture du point de vente. Pour tout renseignement : www.renault.fr
REN188;ETABLISSEMENT RENAULT DE CAUDAN;;47,785577;-3,332838;Renault;accélérée;;Type 3c;01/07/2014;Point de recharge accessible uniquement durant les horaires d'ouverture du point de vente. Pour tout renseignement : www.renault.fr
REN189;ETABLISSEMENT RENAULT DE SAINT-AVE;;47,699117;-2,768533;Renault;accélérée;;Type 3c;01/07/2014;Point de recharge accessible uniquement durant les horaires d'ouverture du point de vente. Pour tout renseignement : www.renault.fr
REN190;ETABLISSEMENT RENAULT DE METZ;;49,114939;6,190136;Renault;accélérée;;Type 3c;01/07/2014;Point de recharge accessible uniquement durant les horaires d'ouverture du point de vente. Pour tout renseignement : www.renault.fr
REN191;ETABLISSEMENT RENAULT DE TERVILLE;;49,346411;6,146646;Renault;accélérée;;Type 3c;01/07/2014;Point de recharge accessible uniquement durant les horaires d'ouverture du point de vente. Pour tout renseignement : www.renault.fr
REN192;ETABLISSEMENT RENAULT DE MARLY;;49,086710;6,141749;Renault;accélérée;;Type 3c;01/07/2014;Point de recharge accessible uniquement durant les horaires d'ouverture du point de vente. Pour tout renseignement : www.renault.fr
REN193;ETABLISSEMENT RENAULT DE SARREGUEMINES;;49,111343;7,095915;Renault;accélérée;;Type 3c;01/07/2014;Point de recharge accessible uniquement durant les horaires d'ouverture du point de vente. Pour tout renseignement : www.renault.fr
REN194;ETABLISSEMENT RENAULT DE BUHL-LORRAINE;;48,732531;7,080334;Renault;accélérée;;Type 3c;01/07/2014;Point de recharge accessible uniquement durant les horaires d'ouverture du point de vente. Pour tout renseignement : www.renault.fr
REN195;ETABLISSEMENT RENAULT DE SAINT-AVOLD;;49,119290;6,709397;Renault;accélérée;;Type 3c;01/07/2014;Point de recharge accessible uniquement durant les horaires d'ouverture du point de vente. Pour tout renseignement : www.renault.fr
REN196;ETABLISSEMENT RENAULT DE FORBACH;;49,177391;6,883186;Renault;accélérée;;Type 3c;01/07/2014;Point de recharge accessible uniquement durant les horaires d'ouverture du point de vente. Pour tout renseignement : www.renault.fr
REN197;ETABLISSEMENT RENAULT DE COSNE-COURS-SUR-LOIRE;;47,394704;2,922540;Renault;accélérée;;Type 3c;01/07/2014;Point de recharge accessible uniquement durant les horaires d'ouverture du point de vente. Pour tout renseignement : www.renault.fr
REN198;ETABLISSEMENT RENAULT DE VARENNES-VAUZELLES;;47,024612;3,147266;Renault;accélérée;;Type 3c;01/07/2014;Point de recharge accessible uniquement durant les horaires d'ouverture du point de vente. Pour tout renseignement : www.renault.fr
REN199;ETABLISSEMENT RENAULT DE ROUBAIX;;50,687259;3,176606;Renault;accélérée;;Type 3c;01/07/2014;Point de recharge accessible uniquement durant les horaires d'ouverture du point de vente. Pour tout renseignement : www.renault.fr
REN200;ETABLISSEMENT RENAULT DE SECLIN;;50,559307;3,035123;Renault;accélérée;;Type 3c;01/07/2014;Point de recharge accessible uniquement durant les horaires d'ouverture du point de vente. Pour tout renseignement : www.renault.fr
REN201;ETABLISSEMENT RENAULT DE FACHES-THUMESNIL;;50,580791;3,086255;Renault;accélérée;;Type 3c;01/07/2014;Point de recharge accessible uniquement durant les horaires d'ouverture du point de vente. Pour tout renseignement : www.renault.fr
REN202;ETABLISSEMENT RENAULT DE RONCQ;;50,739393;3,130920;Renault;accélérée;;Type 3c;01/07/2014;Point de recharge accessible uniquement durant les horaires d'ouverture du point de vente. Pour tout renseignement : www.renault.fr
REN203;ETABLISSEMENT RENAULT DE VALENCIENNES;;50,356256;3,502852;Renault;accélérée;;Type 3c;01/07/2014;Point de recharge accessible uniquement durant les horaires d'ouverture du point de vente. Pour tout renseignement : www.renault.fr
REN204;ETABLISSEMENT RENAULT DE SEQUEDIN;;50,628271;2,968622;Renault;accélérée;;Type 3c;01/07/2014;Point de recharge accessible uniquement durant les horaires d'ouverture du point de vente. Pour tout renseignement : www.renault.fr
REN205;ETABLISSEMENT RENAULT DE CAMBRAI;;50,179573;3,263047;Renault;accélérée;;Type 3c;01/07/2014;Point de recharge accessible uniquement durant les horaires d'ouverture du point de vente. Pour tout renseignement : www.renault.fr
REN206;ETABLISSEMENT RENAULT DE AVESNES-SUR-HELPE;;50,131737;3,940231;Renault;accélérée;;Type 3c;01/07/2014;Point de recharge accessible uniquement durant les horaires d'ouverture du point de vente. Pour tout renseignement : www.renault.fr
REN207;ETABLISSEMENT RENAULT DE WORMHOUT;;50,890483;2,463457;Renault;accélérée;;Type 3c;01/07/2014;Point de recharge accessible uniquement durant les horaires d'ouverture du point de vente. Pour tout renseignement : www.renault.fr
REN208;ETABLISSEMENT RENAULT DE DOUAI;;50,359987;3,080534;Renault;accélérée;;Type 3c;01/07/2014;Point de recharge accessible uniquement durant les horaires d'ouverture du point de vente. Pour tout renseignement : www.renault.fr
REN209;ETABLISSEMENT RENAULT DE DUNKERQUE;;51,021834;2,360138;Renault;accélérée;;Type 3c;01/07/2014;Point de recharge accessible uniquement durant les horaires d'ouverture du point de vente. Pour tout renseignement : www.renault.fr
REN210;ETABLISSEMENT RENAULT DE FEIGNIES;;50,280516;3,907810;Renault;accélérée;;Type 3c;01/07/2014;Point de recharge accessible uniquement durant les horaires d'ouverture du point de vente. Pour tout renseignement : www.renault.fr
REN211;ETABLISSEMENT RENAULT DE NIEPPE;;50,696095;2,860609;Renault;accélérée;;Type 3c;01/07/2014;Point de recharge accessible uniquement durant les horaires d'ouverture du point de vente. Pour tout renseignement : www.renault.fr
REN212;ETABLISSEMENT RENAULT DE TILLE;;49,455351;2,099283;Renault;accélérée;;Type 3c;01/07/2014;Point de recharge accessible uniquement durant les horaires d'ouverture du point de vente. Pour tout renseignement : www.renault.fr
REN213;ETABLISSEMENT RENAULT DE NOGENT-SUR-OISE;;49,277694;2,489580;Renault;accélérée;;Type 3c;01/07/2014;Point de recharge accessible uniquement durant les horaires d'ouverture du point de vente. Pour tout renseignement : www.renault.fr
REN214;ETABLISSEMENT RENAULT DE COMPIEGNE;;49,411988;2,809520;Renault;accélérée;;Type 3c;01/07/2014;Point de recharge accessible uniquement durant les horaires d'ouverture du point de vente. Pour tout renseignement : www.renault.fr
REN215;ETABLISSEMENT RENAULT DE SENLIS;;49,208470;2,600646;Renault;accélérée;;Type 3c;01/07/2014;Point de recharge accessible uniquement durant les horaires d'ouverture du point de vente. Pour tout renseignement : www.renault.fr
REN216;ETABLISSEMENT RENAULT DE CLERMONT;;49,384241;2,413629;Renault;accélérée;;Type 3c;01/07/2014;Point de recharge accessible uniquement durant les horaires d'ouverture du point de vente. Pour tout renseignement : www.renault.fr
REN217;ETABLISSEMENT RENAULT DE SAINT-MAXIMIN;;49,232605;2,466390;Renault;accélérée;;Type 3c;01/07/2014;Point de recharge accessible uniquement durant les horaires d'ouverture du point de vente. Pour tout renseignement : www.renault.fr
REN218;ETABLISSEMENT RENAULT DE CREPY-EN-VALOIS;;49,232226;2,874318;Renault;accélérée;;Type 3c;01/07/2014;Point de recharge accessible uniquement durant les horaires d'ouverture du point de vente. Pour tout renseignement : www.renault.fr
REN219;ETABLISSEMENT RENAULT DE ALENCON;;48,446137;0,112831;Renault;accélérée;;Type 3c;01/07/2014;Point de recharge accessible uniquement durant les horaires d'ouverture du point de vente. Pour tout renseignement : www.renault.fr
REN220;ETABLISSEMENT RENAULT DE FLERS;;48,730771;-0,578402;Renault;accélérée;;Type 3c;01/07/2014;Point de recharge accessible uniquement durant les horaires d'ouverture du point de vente. Pour tout renseignement : www.renault.fr
REN221;ETABLISSEMENT RENAULT DE ARGENTAN;;48,735708;-0,022214;Renault;accélérée;;Type 3c;01/07/2014;Point de recharge accessible uniquement durant les horaires d'ouverture du point de vente. Pour tout renseignement : www.renault.fr
REN222;ETABLISSEMENT RENAULT DE ARRAS;;50,298784;2,767996;Renault;accélérée;;Type 3c;01/07/2014;Point de recharge accessible uniquement durant les horaires d'ouverture du point de vente. Pour tout renseignement : www.renault.fr
REN223;ETABLISSEMENT RENAULT DE HENIN-BEAUMONT;;50,416340;2,976351;Renault;accélérée;;Type 3c;01/07/2014;Point de recharge accessible uniquement durant les horaires d'ouverture du point de vente. Pour tout renseignement : www.renault.fr
REN224;ETABLISSEMENT RENAULT DE OUTREAU;;50,697834;1,609148;Renault;accélérée;;Type 3c;01/07/2014;Point de recharge accessible uniquement durant les horaires d'ouverture du point de vente. Pour tout renseignement : www.renault.fr
REN225;ETABLISSEMENT RENAULT DE AVION;;50,399614;2,842420;Renault;accélérée;;Type 3c;01/07/2014;Point de recharge accessible uniquement durant les horaires d'ouverture du point de vente. Pour tout renseignement : www.renault.fr
REN226;ETABLISSEMENT RENAULT DE LOISON-SOUS-LENS;;50,442326;2,853705;Renault;accélérée;;Type 3c;01/07/2014;Point de recharge accessible uniquement durant les horaires d'ouverture du point de vente. Pour tout renseignement : www.renault.fr
REN227;ETABLISSEMENT RENAULT DE LONGUENESSE;;50,739785;2,278310;Renault;accélérée;;Type 3c;01/07/2014;Point de recharge accessible uniquement durant les horaires d'ouverture du point de vente. Pour tout renseignement : www.renault.fr
REN228;ETABLISSEMENT RENAULT DE CARVIN;;50,480998;2,936271;Renault;accélérée;;Type 3c;01/07/2014;Point de recharge accessible uniquement durant les horaires d'ouverture du point de vente. Pour tout renseignement : www.renault.fr
REN229;ETABLISSEMENT RENAULT DE COQUELLES;;50,937221;1,808437;Renault;accélérée;;Type 3c;01/07/2014;Point de recharge accessible uniquement durant les horaires d'ouverture du point de vente. Pour tout renseignement : www.renault.fr
REN230;ETABLISSEMENT RENAULT DE FOUQUIERES-LES-BETHUNE;;50,516995;2,622507;Renault;accélérée;;Type 3c;01/07/2014;Point de recharge accessible uniquement durant les horaires d'ouverture du point de vente. Pour tout renseignement : www.renault.fr
REN231;ETABLISSEMENT RENAULT DE BRUAY-LA-BUISSIERE;;50,492760;2,573819;Renault;accélérée;;Type 3c;01/07/2014;Point de recharge accessible uniquement durant les horaires d'ouverture du point de vente. Pour tout renseignement : www.renault.fr
REN232;ETABLISSEMENT RENAULT DE LIEVIN;;50,424825;2,781270;Renault;accélérée;;Type 3c;01/07/2014;Point de recharge accessible uniquement durant les horaires d'ouverture du point de vente. Pour tout renseignement : www.renault.fr
REN233;ETABLISSEMENT RENAULT DE BERCK;;50,408462;1,579039;Renault;accélérée;;Type 3c;01/07/2014;Point de recharge accessible uniquement durant les horaires d'ouverture du point de vente. Pour tout renseignement : www.renault.fr
REN234;ETABLISSEMENT RENAULT DE MANTES-LA-VILLE;;48,978904;1,692000;Renault;accélérée;;Type 3c;01/07/2014;Point de recharge accessible uniquement durant les horaires d'ouverture du point de vente. Pour tout renseignement : www.renault.fr
REN235;ETABLISSEMENT RENAULT DE CLERMONT-FERRAND;;45,781074;3,132490;Renault;accélérée;;Type 3c;01/07/2014;Point de recharge accessible uniquement durant les horaires d'ouverture du point de vente. Pour tout renseignement : www.renault.fr
REN236;ETABLISSEMENT RENAULT DE MALAUZAT;;45,887444;3,067913;Renault;accélérée;;Type 3c;01/07/2014;Point de recharge accessible uniquement durant les horaires d'ouverture du point de vente. Pour tout renseignement : www.renault.fr
REN237;ETABLISSEMENT RENAULT DE THIERS;;45,855149;3,508687;Renault;accélérée;;Type 3c;01/07/2014;Point de recharge accessible uniquement durant les horaires d'ouverture du point de vente. Pour tout renseignement : www.renault.fr
REN238;ETABLISSEMENT RENAULT DE ROCHEFORT-MONTAGNE;;45,735109;2,812636;Renault;accélérée;;Type 3c;01/07/2014;Point de recharge accessible uniquement durant les horaires d'ouverture du point de vente. Pour tout renseignement : www.renault.fr
REN239;ETABLISSEMENT RENAULT DE PAU;;43,304712;-0,326240;Renault;accélérée;;Type 3c;01/07/2014;Point de recharge accessible uniquement durant les horaires d'ouverture du point de vente. Pour tout renseignement : www.renault.fr
REN240;ETABLISSEMENT RENAULT DE OLORON-SAINTE-MARIE;;43,180269;-0,616396;Renault;accélérée;;Type 3c;01/07/2014;Point de recharge accessible uniquement durant les horaires d'ouverture du point de vente. Pour tout renseignement : www.renault.fr
REN241;ETABLISSEMENT RENAULT DE ORTHEZ;;43,480803;-0,748534;Renault;accélérée;;Type 3c;01/07/2014;Point de recharge accessible uniquement durant les horaires d'ouverture du point de vente. Pour tout renseignement : www.renault.fr
REN242;ETABLISSEMENT RENAULT DE BIARRITZ;;43,468942;-1,540974;Renault;accélérée;;Type 3c;01/07/2014;Point de recharge accessible uniquement durant les horaires d'ouverture du point de vente. Pour tout renseignement : www.renault.fr
REN243;ETABLISSEMENT RENAULT DE SAINT-JEAN-DE-LUZ;;43,398837;-1,641261;Renault;accélérée;;Type 3c;01/07/2014;Point de recharge accessible uniquement durant les horaires d'ouverture du point de vente. Pour tout renseignement : www.renault.fr
REN244;ETABLISSEMENT RENAULT DE LANNEMEZAN;;43,122470;0,388874;Renault;accélérée;;Type 3c;01/07/2014;Point de recharge accessible uniquement durant les horaires d'ouverture du point de vente. Pour tout renseignement : www.renault.fr
REN245;ETABLISSEMENT RENAULT DE ODOS;;43,211748;0,048794;Renault;accélérée;;Type 3c;01/07/2014;Point de recharge accessible uniquement durant les horaires d'ouverture du point de vente. Pour tout renseignement : www.renault.fr
REN246;ETABLISSEMENT RENAULT DE PERPIGNAN;;42,671648;2,886614;Renault;accélérée;;Type 3c;01/07/2014;Point de recharge accessible uniquement durant les horaires d'ouverture du point de vente. Pour tout renseignement : www.renault.fr
REN247;ETABLISSEMENT RENAULT DE MOLSHEIM;;48,529186;7,497726;Renault;accélérée;;Type 3c;01/07/2014;Point de recharge accessible uniquement durant les horaires d'ouverture du point de vente. Pour tout renseignement : www.renault.fr
REN248;ETABLISSEMENT RENAULT DE ILLKIRCH-GRAFFENSTADEN;;48,546445;7,739809;Renault;accélérée;;Type 3c;01/07/2014;Point de recharge accessible uniquement durant les horaires d'ouverture du point de vente. Pour tout renseignement : www.renault.fr
REN249;ETABLISSEMENT RENAULT DE HAGUENAU;;48,827806;7,752619;Renault;accélérée;;Type 3c;01/07/2014;Point de recharge accessible uniquement durant les horaires d'ouverture du point de vente. Pour tout renseignement : www.renault.fr
REN250;ETABLISSEMENT RENAULT DE VENDENHEIM;;48,659258;7,721628;Renault;accélérée;;Type 3c;01/07/2014;Point de recharge accessible uniquement durant les horaires d'ouverture du point de vente. Pour tout renseignement : www.renault.fr
REN251;ETABLISSEMENT RENAULT DE SELESTAT;;48,279585;7,464536;Renault;accélérée;;Type 3c;01/07/2014;Point de recharge accessible uniquement durant les horaires d'ouverture du point de vente. Pour tout renseignement : www.renault.fr
REN252;ETABLISSEMENT RENAULT DE SAVERNE;;48,741200;7,383529;Renault;accélérée;;Type 3c;01/07/2014;Point de recharge accessible uniquement durant les horaires d'ouverture du point de vente. Pour tout renseignement : www.renault.fr
REN253;ETABLISSEMENT RENAULT DE COLMAR;;48,091679;7,371706;Renault;accélérée;;Type 3c;01/07/2014;Point de recharge accessible uniquement durant les horaires d'ouverture du point de vente. Pour tout renseignement : www.renault.fr
REN254;ETABLISSEMENT RENAULT DE ILLZACH;;47,763787;7,358698;Renault;accélérée;;Type 3c;01/07/2014;Point de recharge accessible uniquement durant les horaires d'ouverture du point de vente. Pour tout renseignement : www.renault.fr
REN255;ETABLISSEMENT RENAULT DE ALTKIRCH;;47,627375;7,263346;Renault;accélérée;;Type 3c;01/07/2014;Point de recharge accessible uniquement durant les horaires d'ouverture du point de vente. Pour tout renseignement : www.renault.fr
REN256;ETABLISSEMENT RENAULT DE SAINT-LOUIS;;47,579871;7,550429;Renault;accélérée;;Type 3c;01/07/2014;Point de recharge accessible uniquement durant les horaires d'ouverture du point de vente. Pour tout renseignement : www.renault.fr
REN257;ETABLISSEMENT RENAULT DE LYON;;45,776176;4,795930;Renault;accélérée;;Type 3c;01/07/2014;Point de recharge accessible uniquement durant les horaires d'ouverture du point de vente. Pour tout renseignement : www.renault.fr
REN258;ETABLISSEMENT RENAULT DE SAINTE-FOY-LES-LYON;;45,721741;4,788198;Renault;accélérée;;Type 3c;01/07/2014;Point de recharge accessible uniquement durant les horaires d'ouverture du point de vente. Pour tout renseignement : www.renault.fr
REN259;ETABLISSEMENT RENAULT DE VAULX-EN-VELIN;;45,765536;4,925625;Renault;accélérée;;Type 3c;01/07/2014;Point de recharge accessible uniquement durant les horaires d'ouverture du point de vente. Pour tout renseignement : www.renault.fr
REN260;ETABLISSEMENT RENAULT DE VENISSIEUX;;45,718323;4,854270;Renault;accélérée;;Type 3c;01/07/2014;Point de recharge accessible uniquement durant les horaires d'ouverture du point de vente. Pour tout renseignement : www.renault.fr
REN261;ETABLISSEMENT RENAULT DE GIVORS;;45,593782;4,770141;Renault;accélérée;;Type 3c;01/07/2014;Point de recharge accessible uniquement durant les horaires d'ouverture du point de vente. Pour tout renseignement : www.renault.fr
REN262;ETABLISSEMENT RENAULT DE RILLIEUX-LA-PAPE;;45,810983;4,877650;Renault;accélérée;;Type 3c;01/07/2014;Point de recharge accessible uniquement durant les horaires d'ouverture du point de vente. Pour tout renseignement : www.renault.fr
REN263;ETABLISSEMENT RENAULT DE LIMAS;;45,978902;4,731079;Renault;accélérée;;Type 3c;01/07/2014;Point de recharge accessible uniquement durant les horaires d'ouverture du point de vente. Pour tout renseignement : www.renault.fr
REN264;ETABLISSEMENT RENAULT DE VESOUL;;47,629552;6,172303;Renault;accélérée;;Type 3c;01/07/2014;Point de recharge accessible uniquement durant les horaires d'ouverture du point de vente. Pour tout renseignement : www.renault.fr
REN265;ETABLISSEMENT RENAULT DE MACON;;46,325131;4,841094;Renault;accélérée;;Type 3c;01/07/2014;Point de recharge accessible uniquement durant les horaires d'ouverture du point de vente. Pour tout renseignement : www.renault.fr
REN266;ETABLISSEMENT RENAULT DE SAINT-MARCEL;;46,768422;4,864378;Renault;accélérée;;Type 3c;01/07/2014;Point de recharge accessible uniquement durant les horaires d'ouverture du point de vente. Pour tout renseignement : www.renault.fr
REN267;ETABLISSEMENT RENAULT DE MONTCEAU-LES-MINES;;46,674659;4,360886;Renault;accélérée;;Type 3c;01/07/2014;Point de recharge accessible uniquement durant les horaires d'ouverture du point de vente. Pour tout renseignement : www.renault.fr
REN268;ETABLISSEMENT RENAULT DE LE MANS;;47,979318;0,174502;Renault;accélérée;;Type 3c;01/07/2014;Point de recharge accessible uniquement durant les horaires d'ouverture du point de vente. Pour tout renseignement : www.renault.fr
REN269;ETABLISSEMENT RENAULT DE LA FERTE-BERNARD;;48,191705;0,661729;Renault;accélérée;;Type 3c;01/07/2014;Point de recharge accessible uniquement durant les horaires d'ouverture du point de vente. Pour tout renseignement : www.renault.fr
REN270;ETABLISSEMENT RENAULT DE ALBERTVILLE;;45,661121;6,383554;Renault;accélérée;;Type 3c;01/07/2014;Point de recharge accessible uniquement durant les horaires d'ouverture du point de vente. Pour tout renseignement : www.renault.fr
REN271;ETABLISSEMENT RENAULT DE SAINT-ALBAN-LEYSSE;;45,572296;5,952094;Renault;accélérée;;Type 3c;01/07/2014;Point de recharge accessible uniquement durant les horaires d'ouverture du point de vente. Pour tout renseignement : www.renault.fr
REN272;ETABLISSEMENT RENAULT DE SAINT-JEAN-DE-MAURIENNE;;45,271123;6,363335;Renault;accélérée;;Type 3c;01/07/2014;Point de recharge accessible uniquement durant les horaires d'ouverture du point de vente. Pour tout renseignement : www.renault.fr
REN273;ETABLISSEMENT RENAULT DE ANNEMASSE;;46,199075;6,267249;Renault;accélérée;;Type 3c;01/07/2014;Point de recharge accessible uniquement durant les horaires d'ouverture du point de vente. Pour tout renseignement : www.renault.fr
REN274;ETABLISSEMENT RENAULT DE THONON-LES-BAINS;;46,352059;6,440615;Renault;accélérée;;Type 3c;01/07/2014;Point de recharge accessible uniquement durant les horaires d'ouverture du point de vente. Pour tout renseignement : www.renault.fr
REN275;ETABLISSEMENT RENAULT DE CLUSES;;46,074450;6,562547;Renault;accélérée;;Type 3c;01/07/2014;Point de recharge accessible uniquement durant les horaires d'ouverture du point de vente. Pour tout renseignement : www.renault.fr
REN276;ETABLISSEMENT RENAULT DE SEYNOD;;45,892773;6,110266;Renault;accélérée;;Type 3c;01/07/2014;Point de recharge accessible uniquement durant les horaires d'ouverture du point de vente. Pour tout renseignement : www.renault.fr
REN277;ETABLISSEMENT RENAULT DE PARIS;;48,880951;2,314399;Renault;accélérée;;Type 3c;01/07/2014;Point de recharge accessible uniquement durant les horaires d'ouverture du point de vente. Pour tout renseignement : www.renault.fr
REN278;ETABLISSEMENT RENAULT DE PARIS;;48,861865;2,367576;Renault;accélérée;;Type 3c;01/07/2014;Point de recharge accessible uniquement durant les horaires d'ouverture du point de vente. Pour tout renseignement : www.renault.fr
REN279;ETABLISSEMENT RENAULT DE PARIS;;48,844566;2,395764;Renault;accélérée;;Type 3c;01/07/2014;Point de recharge accessible uniquement durant les horaires d'ouverture du point de vente. Pour tout renseignement : www.renault.fr
REN280;ETABLISSEMENT RENAULT DE PARIS;;48,852709;2,286422;Renault;accélérée;;Type 3c;01/07/2014;Point de recharge accessible uniquement durant les horaires d'ouverture du point de vente. Pour tout renseignement : www.renault.fr
REN281;ETABLISSEMENT RENAULT DE ROUEN;;49,449412;1,064684;Renault;accélérée;;Type 3c;01/07/2014;Point de recharge accessible uniquement durant les horaires d'ouverture du point de vente. Pour tout renseignement : www.renault.fr
REN282;ETABLISSEMENT RENAULT DE DIEPPE;;49,919862;1,077157;Renault;accélérée;;Type 3c;01/07/2014;Point de recharge accessible uniquement durant les horaires d'ouverture du point de vente. Pour tout renseignement : www.renault.fr
REN283;ETABLISSEMENT RENAULT DE EU;;50,058253;1,417809;Renault;accélérée;;Type 3c;01/07/2014;Point de recharge accessible uniquement durant les horaires d'ouverture du point de vente. Pour tout renseignement : www.renault.fr
REN284;ETABLISSEMENT RENAULT DE NEUFCHATEL-EN-BRAY;;49,733669;1,434331;Renault;accélérée;;Type 3c;01/07/2014;Point de recharge accessible uniquement durant les horaires d'ouverture du point de vente. Pour tout renseignement : www.renault.fr
REN285;ETABLISSEMENT RENAULT DE FECAMP;;49,751262;0,401833;Renault;accélérée;;Type 3c;01/07/2014;Point de recharge accessible uniquement durant les horaires d'ouverture du point de vente. Pour tout renseignement : www.renault.fr
REN286;ETABLISSEMENT RENAULT DE LE HAVRE;;49,494771;0,147195;Renault;accélérée;;Type 3c;01/07/2014;Point de recharge accessible uniquement durant les horaires d'ouverture du point de vente. Pour tout renseignement : www.renault.fr
REN287;ETABLISSEMENT RENAULT DE MELUN;;48,540323;2,677866;Renault;accélérée;;Type 3c;01/07/2014;Point de recharge accessible uniquement durant les horaires d'ouverture du point de vente. Pour tout renseignement : www.renault.fr
REN288;ETABLISSEMENT RENAULT DE MEAUX;;48,957419;2,897852;Renault;accélérée;;Type 3c;01/07/2014;Point de recharge accessible uniquement durant les horaires d'ouverture du point de vente. Pour tout renseignement : www.renault.fr
REN289;ETABLISSEMENT RENAULT DE COULOMMIERS;;48,809903;3,079942;Renault;accélérée;;Type 3c;01/07/2014;Point de recharge accessible uniquement durant les horaires d'ouverture du point de vente. Pour tout renseignement : www.renault.fr
REN290;ETABLISSEMENT RENAULT DE VARENNES-SUR-SEINE;;48,371533;2,941233;Renault;accélérée;;Type 3c;01/07/2014;Point de recharge accessible uniquement durant les horaires d'ouverture du point de vente. Pour tout renseignement : www.renault.fr
REN291;ETABLISSEMENT RENAULT DE SAINT-PIERRE-LES-NEMOURS;;48,280377;2,683154;Renault;accélérée;;Type 3c;01/07/2014;Point de recharge accessible uniquement durant les horaires d'ouverture du point de vente. Pour tout renseignement : www.renault.fr
REN292;ETABLISSEMENT RENAULT DE PROVINS;;48,552399;3,297781;Renault;accélérée;;Type 3c;01/07/2014;Point de recharge accessible uniquement durant les horaires d'ouverture du point de vente. Pour tout renseignement : www.renault.fr
REN293;ETABLISSEMENT RENAULT DE BRIE-COMTE-ROBERT;;48,697461;2,606558;Renault;accélérée;;Type 3c;01/07/2014;Point de recharge accessible uniquement durant les horaires d'ouverture du point de vente. Pour tout renseignement : www.renault.fr
REN294;ETABLISSEMENT RENAULT DE NOISIEL;;48,841138;2,618294;Renault;accélérée;;Type 3c;01/07/2014;Point de recharge accessible uniquement durant les horaires d'ouverture du point de vente. Pour tout renseignement : www.renault.fr
REN295;ETABLISSEMENT RENAULT DE AVON;;48,421812;2,737602;Renault;accélérée;;Type 3c;01/07/2014;Point de recharge accessible uniquement durant les horaires d'ouverture du point de vente. Pour tout renseignement : www.renault.fr
REN296;ETABLISSEMENT RENAULT DE CHELLES;;48,874581;2,590865;Renault;accélérée;;Type 3c;01/07/2014;Point de recharge accessible uniquement durant les horaires d'ouverture du point de vente. Pour tout renseignement : www.renault.fr
REN297;ETABLISSEMENT RENAULT DE VERSAILLES;;48,792220;2,145247;Renault;accélérée;;Type 3c;01/07/2014;Point de recharge accessible uniquement durant les horaires d'ouverture du point de vente. Pour tout renseignement : www.renault.fr
REN298;ETABLISSEMENT RENAULT DE SAINT-GERMAIN-EN-LAYE;;48,899700;2,078157;Renault;accélérée;;Type 3c;01/07/2014;Point de recharge accessible uniquement durant les horaires d'ouverture du point de vente. Pour tout renseignement : www.renault.fr
REN299;ETABLISSEMENT RENAULT DE TRAPPES;;48,770313;1,999698;Renault;accélérée;;Type 3c;01/07/2014;Point de recharge accessible uniquement durant les horaires d'ouverture du point de vente. Pour tout renseignement : www.renault.fr
REN300;ETABLISSEMENT RENAULT DE CHATOU;;48,890469;2,154325;Renault;accélérée;;Type 3c;01/07/2014;Point de recharge accessible uniquement durant les horaires d'ouverture du point de vente. Pour tout renseignement : www.renault.fr
REN301;ETABLISSEMENT RENAULT DE NIORT;;46,329235;-0,443545;Renault;accélérée;;Type 3c;01/07/2014;Point de recharge accessible uniquement durant les horaires d'ouverture du point de vente. Pour tout renseignement : www.renault.fr
REN302;ETABLISSEMENT RENAULT DE ABBEVILLE;;50,108800;1,857540;Renault;accélérée;;Type 3c;01/07/2014;Point de recharge accessible uniquement durant les horaires d'ouverture du point de vente. Pour tout renseignement : www.renault.fr
REN303;ETABLISSEMENT RENAULT DE RIVERY;;49,913308;2,338671;Renault;accélérée;;Type 3c;01/07/2014;Point de recharge accessible uniquement durant les horaires d'ouverture du point de vente. Pour tout renseignement : www.renault.fr
REN304;ETABLISSEMENT RENAULT DE PERONNE;;49,929407;2,934324;Renault;accélérée;;Type 3c;01/07/2014;Point de recharge accessible uniquement durant les horaires d'ouverture du point de vente. Pour tout renseignement : www.renault.fr
REN305;ETABLISSEMENT RENAULT DE ALBI;;43,915780;2,143760;Renault;accélérée;;Type 3c;01/07/2014;Point de recharge accessible uniquement durant les horaires d'ouverture du point de vente. Pour tout renseignement : www.renault.fr
REN306;ETABLISSEMENT RENAULT DE CASTRES;;43,592169;2,210282;Renault;accélérée;;Type 3c;01/07/2014;Point de recharge accessible uniquement durant les horaires d'ouverture du point de vente. Pour tout renseignement : www.renault.fr
REN307;ETABLISSEMENT RENAULT DE GAILLAC;;43,896284;1,883416;Renault;accélérée;;Type 3c;01/07/2014;Point de recharge accessible uniquement durant les horaires d'ouverture du point de vente. Pour tout renseignement : www.renault.fr
REN308;ETABLISSEMENT RENAULT DE MONTAUBAN;;44,037613;1,380852;Renault;accélérée;;Type 3c;01/07/2014;Point de recharge accessible uniquement durant les horaires d'ouverture du point de vente. Pour tout renseignement : www.renault.fr
REN309;ETABLISSEMENT RENAULT DE CASTELSARRASIN;;44,035623;1,114130;Renault;accélérée;;Type 3c;01/07/2014;Point de recharge accessible uniquement durant les horaires d'ouverture du point de vente. Pour tout renseignement : www.renault.fr
REN310;ETABLISSEMENT RENAULT DE LA VALETTE-DU-VAR;;43,139360;5,999316;Renault;accélérée;;Type 3c;01/07/2014;Point de recharge accessible uniquement durant les horaires d'ouverture du point de vente. Pour tout renseignement : www.renault.fr
REN311;ETABLISSEMENT RENAULT DE BRIGNOLES;;43,408709;6,042116;Renault;accélérée;;Type 3c;01/07/2014;Point de recharge accessible uniquement durant les horaires d'ouverture du point de vente. Pour tout renseignement : www.renault.fr
REN312;ETABLISSEMENT RENAULT DE DRAGUIGNAN;;43,515635;6,476062;Renault;accélérée;;Type 3c;01/07/2014;Point de recharge accessible uniquement durant les horaires d'ouverture du point de vente. Pour tout renseignement : www.renault.fr
REN313;ETABLISSEMENT RENAULT DE LA SEYNE-SUR-MER;;43,113553;5,858463;Renault;accélérée;;Type 3c;01/07/2014;Point de recharge accessible uniquement durant les horaires d'ouverture du point de vente. Pour tout renseignement : www.renault.fr
REN314;ETABLISSEMENT RENAULT DE FREJUS;;43,436156;6,724611;Renault;accélérée;;Type 3c;01/07/2014;Point de recharge accessible uniquement durant les horaires d'ouverture du point de vente. Pour tout renseignement : www.renault.fr
REN315;ETABLISSEMENT RENAULT DE AVIGNON;;43,927373;4,845744;Renault;accélérée;;Type 3c;01/07/2014;Point de recharge accessible uniquement durant les horaires d'ouverture du point de vente. Pour tout renseignement : www.renault.fr
REN316;ETABLISSEMENT RENAULT DE ORANGE;;44,150474;4,803153;Renault;accélérée;;Type 3c;01/07/2014;Point de recharge accessible uniquement durant les horaires d'ouverture du point de vente. Pour tout renseignement : www.renault.fr
REN317;ETABLISSEMENT RENAULT DE CARPENTRAS;;44,043274;5,025287;Renault;accélérée;;Type 3c;01/07/2014;Point de recharge accessible uniquement durant les horaires d'ouverture du point de vente. Pour tout renseignement : www.renault.fr
REN318;ETABLISSEMENT RENAULT DE CAVAILLON;;43,857823;5,014658;Renault;accélérée;;Type 3c;01/07/2014;Point de recharge accessible uniquement durant les horaires d'ouverture du point de vente. Pour tout renseignement : www.renault.fr
REN319;ETABLISSEMENT RENAULT DE LA ROCHE-SUR-YON;;46,698043;-1,427872;Renault;accélérée;;Type 3c;01/07/2014;Point de recharge accessible uniquement durant les horaires d'ouverture du point de vente. Pour tout renseignement : www.renault.fr
REN320;ETABLISSEMENT RENAULT DE FONTENAY-LE-COMTE;;46,450927;-0,807991;Renault;accélérée;;Type 3c;01/07/2014;Point de recharge accessible uniquement durant les horaires d'ouverture du point de vente. Pour tout renseignement : www.renault.fr
REN321;ETABLISSEMENT RENAULT DE CHALLANS;;46,860897;-1,865580;Renault;accélérée;;Type 3c;01/07/2014;Point de recharge accessible uniquement durant les horaires d'ouverture du point de vente. Pour tout renseignement : www.renault.fr
REN322;ETABLISSEMENT RENAULT DE OLONNE-SUR-MER;;46,504318;-1,773508;Renault;accélérée;;Type 3c;01/07/2014;Point de recharge accessible uniquement durant les horaires d'ouverture du point de vente. Pour tout renseignement : www.renault.fr
REN323;ETABLISSEMENT RENAULT DE LES HERBIERS;;46,861753;-1,010402;Renault;accélérée;;Type 3c;01/07/2014;Point de recharge accessible uniquement durant les horaires d'ouverture du point de vente. Pour tout renseignement : www.renault.fr
REN324;ETABLISSEMENT RENAULT DE POITIERS;;46,614411;0,315060;Renault;accélérée;;Type 3c;01/07/2014;Point de recharge accessible uniquement durant les horaires d'ouverture du point de vente. Pour tout renseignement : www.renault.fr
REN325;ETABLISSEMENT RENAULT DE CHATELLERAULT;;46,791098;0,525723;Renault;accélérée;;Type 3c;01/07/2014;Point de recharge accessible uniquement durant les horaires d'ouverture du point de vente. Pour tout renseignement : www.renault.fr
REN326;ETABLISSEMENT RENAULT DE LIMOGES;;45,867198;1,268556;Renault;accélérée;;Type 3c;01/07/2014;Point de recharge accessible uniquement durant les horaires d'ouverture du point de vente. Pour tout renseignement : www.renault.fr
REN327;ETABLISSEMENT RENAULT DE SAINT-JUNIEN;;45,897648;0,917689;Renault;accélérée;;Type 3c;01/07/2014;Point de recharge accessible uniquement durant les horaires d'ouverture du point de vente. Pour tout renseignement : www.renault.fr
REN328;ETABLISSEMENT RENAULT DE EPINAL;;48,186981;6,475708;Renault;accélérée;;Type 3c;01/07/2014;Point de recharge accessible uniquement durant les horaires d'ouverture du point de vente. Pour tout renseignement : www.renault.fr
REN329;ETABLISSEMENT RENAULT DE SAINT-DIE-DES-VOSGES;;48,284422;6,942722;Renault;accélérée;;Type 3c;01/07/2014;Point de recharge accessible uniquement durant les horaires d'ouverture du point de vente. Pour tout renseignement : www.renault.fr
REN330;ETABLISSEMENT RENAULT DE SAINT-ETIENNE-LES-REMIREMONT;;48,020123;6,600762;Renault;accélérée;;Type 3c;01/07/2014;Point de recharge accessible uniquement durant les horaires d'ouverture du point de vente. Pour tout renseignement : www.renault.fr
REN331;ETABLISSEMENT RENAULT DE NEUFCHATEAU;;48,347031;5,692460;Renault;accélérée;;Type 3c;01/07/2014;Point de recharge accessible uniquement durant les horaires d'ouverture du point de vente. Pour tout renseignement : www.renault.fr
REN332;ETABLISSEMENT RENAULT DE VITTEL;;48,203590;5,938490;Renault;accélérée;;Type 3c;01/07/2014;Point de recharge accessible uniquement durant les horaires d'ouverture du point de vente. Pour tout renseignement : www.renault.fr
REN333;ETABLISSEMENT RENAULT DE AUXERRE;;47,804880;3,582936;Renault;accélérée;;Type 3c;01/07/2014;Point de recharge accessible uniquement durant les horaires d'ouverture du point de vente. Pour tout renseignement : www.renault.fr
REN334;ETABLISSEMENT RENAULT DE SAINT-DENIS-LES-SENS;;48,215689;3,275886;Renault;accélérée;;Type 3c;01/07/2014;Point de recharge accessible uniquement durant les horaires d'ouverture du point de vente. Pour tout renseignement : www.renault.fr
REN335;ETABLISSEMENT RENAULT DE JOIGNY;;47,977625;3,411074;Renault;accélérée;;Type 3c;01/07/2014;Point de recharge accessible uniquement durant les horaires d'ouverture du point de vente. Pour tout renseignement : www.renault.fr
REN336;ETABLISSEMENT RENAULT DE CORBEIL-ESSONNES;;48,611022;2,452549;Renault;accélérée;;Type 3c;01/07/2014;Point de recharge accessible uniquement durant les horaires d'ouverture du point de vente. Pour tout renseignement : www.renault.fr
REN337;ETABLISSEMENT RENAULT DE MORIGNY-CHAMPIGNY;;48,461389;2,179453;Renault;accélérée;;Type 3c;01/07/2014;Point de recharge accessible uniquement durant les horaires d'ouverture du point de vente. Pour tout renseignement : www.renault.fr
REN338;ETABLISSEMENT RENAULT DE VIRY-CHATILLON;;48,680817;2,379365;Renault;accélérée;;Type 3c;01/07/2014;Point de recharge accessible uniquement durant les horaires d'ouverture du point de vente. Pour tout renseignement : www.renault.fr
REN339;ETABLISSEMENT RENAULT DE ATHIS-MONS;;48,717955;2,400085;Renault;accélérée;;Type 3c;01/07/2014;Point de recharge accessible uniquement durant les horaires d'ouverture du point de vente. Pour tout renseignement : www.renault.fr
REN340;ETABLISSEMENT RENAULT DE MASSY;;48,726109;2,280254;Renault;accélérée;;Type 3c;01/07/2014;Point de recharge accessible uniquement durant les horaires d'ouverture du point de vente. Pour tout renseignement : www.renault.fr
REN341;ETABLISSEMENT RENAULT DE MONTLHERY;;48,647365;2,271315;Renault;accélérée;;Type 3c;01/07/2014;Point de recharge accessible uniquement durant les horaires d'ouverture du point de vente. Pour tout renseignement : www.renault.fr
REN342;ETABLISSEMENT RENAULT DE SAINTE-GENEVIEVE-DES-BOIS;;48,644120;2,334320;Renault;accélérée;;Type 3c;01/07/2014;Point de recharge accessible uniquement durant les horaires d'ouverture du point de vente. Pour tout renseignement : www.renault.fr
REN343;ETABLISSEMENT RENAULT DE LES ULIS;;48,684669;2,197453;Renault;accélérée;;Type 3c;01/07/2014;Point de recharge accessible uniquement durant les horaires d'ouverture du point de vente. Pour tout renseignement : www.renault.fr
REN344;ETABLISSEMENT RENAULT DE NANTERRE;;48,901512;2,226023;Renault;accélérée;;Type 3c;01/07/2014;Point de recharge accessible uniquement durant les horaires d'ouverture du point de vente. Pour tout renseignement : www.renault.fr
REN345;ETABLISSEMENT RENAULT DE BOULOGNE-BILLANCOURT;;48,831161;2,236260;Renault;accélérée;;Type 3c;01/07/2014;Point de recharge accessible uniquement durant les horaires d'ouverture du point de vente. Pour tout renseignement : www.renault.fr
REN346;ETABLISSEMENT RENAULT DE MONTROUGE;;48,817233;2,325777;Renault;accélérée;;Type 3c;01/07/2014;Point de recharge accessible uniquement durant les horaires d'ouverture du point de vente. Pour tout renseignement : www.renault.fr
REN347;ETABLISSEMENT RENAULT DE CHATENAY-MALABRY;;48,769693;2,248939;Renault;accélérée;;Type 3c;01/07/2014;Point de recharge accessible uniquement durant les horaires d'ouverture du point de vente. Pour tout renseignement : www.renault.fr
REN348;ETABLISSEMENT RENAULT DE SCEAUX;;48,779256;2,291929;Renault;accélérée;;Type 3c;01/07/2014;Point de recharge accessible uniquement durant les horaires d'ouverture du point de vente. Pour tout renseignement : www.renault.fr
REN349;ETABLISSEMENT RENAULT DE COURBEVOIE;;48,902876;2,273188;Renault;accélérée;;Type 3c;01/07/2014;Point de recharge accessible uniquement durant les horaires d'ouverture du point de vente. Pour tout renseignement : www.renault.fr
REN350;ETABLISSEMENT RENAULT DE RUEIL-MALMAISON;;48,882728;2,188832;Renault;accélérée;;Type 3c;01/07/2014;Point de recharge accessible uniquement durant les horaires d'ouverture du point de vente. Pour tout renseignement : www.renault.fr
REN351;ETABLISSEMENT RENAULT DE MONTREUIL;;48,850173;2,418185;Renault;accélérée;;Type 3c;01/07/2014;Point de recharge accessible uniquement durant les horaires d'ouverture du point de vente. Pour tout renseignement : www.renault.fr
REN352;ETABLISSEMENT RENAULT DE VILLEMOMBLE;;48,884775;2,506075;Renault;accélérée;;Type 3c;01/07/2014;Point de recharge accessible uniquement durant les horaires d'ouverture du point de vente. Pour tout renseignement : www.renault.fr
REN353;ETABLISSEMENT RENAULT DE LES PAVILLONS-SOUS-BOIS;;48,907705;2,493568;Renault;accélérée;;Type 3c;01/07/2014;Point de recharge accessible uniquement durant les horaires d'ouverture du point de vente. Pour tout renseignement : www.renault.fr
REN354;ETABLISSEMENT RENAULT DE VILLEPINTE;;48,957646;2,559201;Renault;accélérée;;Type 3c;01/07/2014;Point de recharge accessible uniquement durant les horaires d'ouverture du point de vente. Pour tout renseignement : www.renault.fr
REN355;ETABLISSEMENT RENAULT DE PANTIN;;48,894456;2,398792;Renault;accélérée;;Type 3c;01/07/2014;Point de recharge accessible uniquement durant les horaires d'ouverture du point de vente. Pour tout renseignement : www.renault.fr
REN356;ETABLISSEMENT RENAULT DE CRETEIL;;48,789319;2,439193;Renault;accélérée;;Type 3c;01/07/2014;Point de recharge accessible uniquement durant les horaires d'ouverture du point de vente. Pour tout renseignement : www.renault.fr
REN357;ETABLISSEMENT RENAULT DE FONTENAY-SOUS-BOIS;;48,852705;2,468273;Renault;accélérée;;Type 3c;01/07/2014;Point de recharge accessible uniquement durant les horaires d'ouverture du point de vente. Pour tout renseignement : www.renault.fr
REN358;ETABLISSEMENT RENAULT DE LE PERREUX-SUR-MARNE;;48,835275;2,497339;Renault;accélérée;;Type 3c;01/07/2014;Point de recharge accessible uniquement durant les horaires d'ouverture du point de vente. Pour tout renseignement : www.renault.fr
REN359;ETABLISSEMENT RENAULT DE VILLENEUVE-SAINT-GEORGES;;48,738644;2,446822;Renault;accélérée;;Type 3c;01/07/2014;Point de recharge accessible uniquement durant les horaires d'ouverture du point de vente. Pour tout renseignement : www.renault.fr
REN360;ETABLISSEMENT RENAULT DE FRESNES;;48,758939;2,330787;Renault;accélérée;;Type 3c;01/07/2014;Point de recharge accessible uniquement durant les horaires d'ouverture du point de vente. Pour tout renseignement : www.renault.fr
REN361;ETABLISSEMENT RENAULT DE VITRY-SUR-SEINE;;48,794630;2,384394;Renault;accélérée;;Type 3c;01/07/2014;Point de recharge accessible uniquement durant les horaires d'ouverture du point de vente. Pour tout renseignement : www.renault.fr
REN362;ETABLISSEMENT RENAULT DE CHENNEVIERES-SUR-MARNE;;48,798927;2,543964;Renault;accélérée;;Type 3c;01/07/2014;Point de recharge accessible uniquement durant les horaires d'ouverture du point de vente. Pour tout renseignement : www.renault.fr
REN363;ETABLISSEMENT RENAULT DE BOISSY-SAINT-LEGER;;48,748549;2,509170;Renault;accélérée;;Type 3c;01/07/2014;Point de recharge accessible uniquement durant les horaires d'ouverture du point de vente. Pour tout renseignement : www.renault.fr
REN364;ETABLISSEMENT RENAULT DE MAISONS-ALFORT;;48,806033;2,429804;Renault;accélérée;;Type 3c;01/07/2014;Point de recharge accessible uniquement durant les horaires d'ouverture du point de vente. Pour tout renseignement : www.renault.fr
REN365;ETABLISSEMENT RENAULT DE ARGENTEUIL;;48,960964;2,258699;Renault;accélérée;;Type 3c;01/07/2014;Point de recharge accessible uniquement durant les horaires d'ouverture du point de vente. Pour tout renseignement : www.renault.fr
REN366;ETABLISSEMENT RENAULT DE BEAUCHAMP;;49,007225;2,195896;Renault;accélérée;;Type 3c;01/07/2014;Point de recharge accessible uniquement durant les horaires d'ouverture du point de vente. Pour tout renseignement : www.renault.fr
REN367;ETABLISSEMENT RENAULT DE PERSAN;;49,146726;2,259501;Renault;accélérée;;Type 3c;01/07/2014;Point de recharge accessible uniquement durant les horaires d'ouverture du point de vente. Pour tout renseignement : www.renault.fr
REN368;ETABLISSEMENT RENAULT DE GONESSE;;48,979727;2,452907;Renault;accélérée;;Type 3c;01/07/2014;Point de recharge accessible uniquement durant les horaires d'ouverture du point de vente. Pour tout renseignement : www.renault.fr
REN369;ETABLISSEMENT RENAULT DE OSNY;;49,049582;2,075560;Renault;accélérée;;Type 3c;01/07/2014;Point de recharge accessible uniquement durant les horaires d'ouverture du point de vente. Pour tout renseignement : www.renault.fr